brick-a,brick-a,brick-a,brick-a,brick-a,brick-a,brick-a,brick-a,brick-a,brick-a,brick-a,brick-a,brick-a
brick-a,,,,,,,,,,,,brick-a
brick-a,,,,,,,,,,,,brick-a
brick-a,,,,,,,,,,,,brick-a
brick-a,,,,,,,,,,,,brick-a
brick-a,,,,,,,,,,,,brick-a
brick-a,,,,,,,,,,,,brick-a
brick-a,,,,,,,,,,,,brick-a
brick-a,,,,,,,,,,,,brick-a
brick-a,,,,,,,,,,,,brick-a
brick-a,,,,,,,,,,,,brick-a
brick-a,,,,,,,,,,,,brick-a
brick-a,,,,,,,,,,,,brick-a
brick-a,,,,,,,,,,,,brick-a
brick-a,,,,,,,,,,,,brick-a
brick-a,,,,,,,,,,,,brick-a
brick-a,,,,,,,,,,,,brick-a
brick-a,,,,,,,,,,,,brick-a
brick-a,,,,,,,,,,,,brick-a
brick-a,,,,,,,,,,,,brick-a
brick-a,,,,,,,,,,,,brick-a
brick-a,,,,,,,,,,,,brick-a
brick-a,,,,,,,,,,,,brick-a
brick-a,,,,,,,,,,,,brick-a
brick-a,,,,,,,,,,,,brick-a
brick-a,,,,,,,,,,,,brick-a
brick-a,,,,,,,,,,,,brick-a
brick-a,,,,,,,,,,,,brick-a
brick-a,,,,,,,,,,,,brick-a
brick-a,,,,,,,,,,,,brick-a
brick-a,,,,,,,,,,,,brick-a
brick-a,,,,,,,,,,,,brick-a
brick-a,,,,,,,,,,,,brick-a
brick-a,,,,,,,,,,,,brick-a
brick-a,,,,,,,,,,,,brick-a
brick-a,,,,,,,,,,,,brick-a
brick-a,,,,,,,,,,,,brick-a
brick-a,,,,,,,,,,,,brick-a
brick-a,,,,,,,,,,,,brick-a
brick-a,,,,,,,,,,,,brick-a
brick-a,,,,,,,,,,,,brick-a
brick-a,,,,,,,,,,,,brick-a
brick-a,,,,,,,,,,,,brick-a
brick-a,,,,,,,,,,,,brick-a
brick-a,,,,,,,,,,,,brick-a
brick-a,,,,,,,,,,,,brick-a
brick-a,,,,,,,,,,,,brick-a
brick-a,,,,,,,,,,,,brick-a
brick-a,,,,,,,,,,,,brick-a
brick-a,,,,,,,,,,,,brick-a
brick-a,,,,,,,,,,,,brick-a
brick-a,,,,,,,,,,,,brick-a
brick-a,,,,,,,,,,,,brick-a
brick-a,,,,,,,,,,,,brick-a
brick-a,,,,,,,,,,,,brick-a
brick-a,,,,,,,,,,,,brick-a
brick-a,,,,,,,,,,,,brick-a
brick-a,,,,,,,,,,,,brick-a
brick-a,,,,,,,,,,,,brick-a
brick-a,,,,,,,,,,,,brick-a
brick-a,,,,,,,,,,,,brick-a
brick-a,,,,,,,,,,,,brick-a
brick-a,,,,,,,,,,,,brick-a
brick-a,,,,,,,,,,,,brick-a
brick-a,,,,,,,,,,,,brick-a
brick-a,,,,,,,,,,,,brick-a
brick-a,,,,,,,,,,,,brick-a
brick-a,,,,,,,,,,,,brick-a
brick-a,,,,,,,,,,,,brick-a
brick-a,,,,,,,,,,,,brick-a
brick-a,,,,,,,,,,,,brick-a
brick-a,,,,,,,,,,,,brick-a
brick-a,,,,,,,,,,,,brick-a
brick-a,,,,,,,,,,,,brick-a
brick-a,,,,,,,,,,,,brick-a
brick-a,,,,,,,,,,,,brick-a
brick-a,,,,,,,,,,,,brick-a
brick-a,,,,,,,,,,,,brick-a
brick-a,,,,,,,,,,,,brick-a
brick-a,,,,,,,,,,,,brick-a
brick-a,,,,,,,,,,,,brick-a
brick-a,,,,,,,,,,,,brick-a
brick-a,,,,,,,,,,,,brick-a
brick-a,,,,,,,,,,,,brick-a
brick-a,,,,,,,,,,,,brick-a
brick-a,,,,,,,,,,,,brick-a
brick-a,,,,,,,,,,,,brick-a
brick-a,,,,,,,,,,,,brick-a
brick-a,,,,,,,,,,,,brick-a
brick-a,,,,,,,,,,,,brick-a
brick-a,,,,,,,,,,,,brick-a
brick-a,,,,,,,,,,,,brick-a
brick-a,,,,,,,,,,,,brick-a
brick-a,,,,,,,,,,,,brick-a
brick-a,,,,,,,,,,,,brick-a
brick-a,,,,,,,,,,,,brick-a
brick-a,,,,,,,,,,,,brick-a
brick-a,,,,,,,,,,,,brick-a
brick-a,,,,,,,,,,,,brick-a
brick-a,,,,,,,,,,,,brick-a
brick-a,,,,,,,,,,,,brick-a
brick-a,,,,,,,,,,,,brick-a
brick-a,,,,,,,,,,,,brick-a
brick-a,,,,,,,,,,,,brick-a
brick-a,brick-a,brick-a,brick-a,brick-a,brick-a,brick-a,brick-a,brick-a,brick-a,brick-a,brick-a,brick-a
